check_name,item_key,category,classification,amount_pence
order_count,PO-J-BLANK,non_commercial_blank_order,explained,0
order_count,PO-F6-R1,zero_price_replacement_kept,explained,0
completeness,PO-J-BLANK,non_commercial_blank_order,explained,0
completeness,PO-F9-X1,within_arrival_tolerance,explained,-5400
completeness,PO-F10-S,scheduled_not_charged,explained,0
gross_to_net,ACC-J:card_check:2026-06-07,card_check_reversed,explained,73
gross_to_net,PO-F6-B1:refund:2026-09-30,refund_recorded_not_paid,explained,200
completeness,PO-D1-B2,missing_in_landing,exception,-2900
completeness,PO-D2-B1,duplicate_in_landing,exception,5400
completeness,PO-D3-B1,amount_mismatch,exception,-350
ad_spend,meta|act_meta_1|cmp_meta_prospecting|2026-08-14,duplicate_connector_row,exception,1028
trial_eligibility,PO-F3B-T,second_trial_probable_household,exception,700
